{ "indexes" : [ { "v" : 1, "key" : { "_id" : 1 }, "ns" : "kalzate.shoes", "name" : "_id_" }, { "v" : 1, "key" : { "reference" : 1 }, "ns" : "kalzate.shoes", "name" : "reference_1", "background" : true, "safe" : null }, { "v" : 1, "key" : { "brand" : 1 }, "ns" : "kalzate.shoes", "name" : "brand_1", "background" : true, "safe" : null }, { "v" : 1, "key" : { "size" : 1 }, "ns" : "kalzate.shoes", "name" : "size_1", "background" : true, "safe" : null }, { "v" : 1, "key" : { "color" : 1 }, "ns" : "kalzate.shoes", "name" : "color_1", "background" : true, "safe" : null }, { "v" : 1, "key" : { "barcode" : 1 }, "unique" : true, "ns" : "kalzate.shoes", "name" : "barcode_1", "background" : true, "safe" : null }, { "v" : 1, "key" : { "reference" : 1, "brand" : 1, "size" : 1, "color" : 1, "barcode" : 1 }, "unique" : true, "ns" : "kalzate.shoes", "name" : "reference_1_brand_1_size_1_color_1_barcode_1", "background" : true, "safe" : null }, { "v" : 1, "key" : { "reference" : 1, "brand" : 1, "size" : 1, "color" : 1 }, "unique" : true, "ns" : "kalzate.shoes", "name" : "reference_1_brand_1_size_1_color_1", "background" : true, "safe" : null } ] }